Finance Country,cofinance_2017,cofinance_2018,cofinance_2019,continental_africa,country,dov96,fragility_2017,fragility_2018,fragility_2019,francophone,gavi55,gavi68,gavi72,gavi73,gavi77,gavi_region,gavi_region_sf,gavi_region_short,global,indo_pacific,iso3,iso3_num,lang,pef_type,regional_je,regional_mena,regional_yfv,wb_long_2017,wb_long_2018,wb_short_2017,wb_short_2018,who_region
Afghanistan,Initial self-financing,Initial self-financing,Initial self-financing,0,Afghanistan,1,Fragile,Fragile,Fragile,Non-Member,1,1,1,1,1,EMRO-EURO-PAHO,PAHO / EMRO / EURO,EEP,1,1,AFG,4,eng,1,0,0,0,LIC,LIC,LIC,LIC,EMRO
Angola,Accelerated transition phase,Fully self-financing,Fully self-financing,1,Angola,1,Non-fragile,Non-fragile,Non-fragile,Non-Member,0,1,1,1,1,Francophone Africa,Francophone Africa,FA,1,0,AGO,24,eng,3,0,0,1,LMIC,LMIC,MIC,MIC,AFRO
Albania,Fully self-financing,Non-Gavi,Non-Gavi,0,Albania,1,Non-fragile,Non-fragile,Non-fragile,Member,0,0,0,0,1,EMRO-EURO-PAHO,PAHO / EMRO / EURO,EEP,1,0,ALB,8,eng,Not PEF,0,0,0,UMIC,UMIC,MIC,MIC,EURO
Andorra,Non-Gavi,Non-Gavi,Non-Gavi,0,Andorra,0,Non-fragile,Non-fragile,Non-fragile,Non-Member,0,0,0,0,0,Non-Gavi,#N/A,Non-Gavi,1,0,AND,20,eng,Not PEF,0,0,0,HIC,HIC,HIC,HIC,EURO
United Arab Emirates,Non-Gavi,Non-Gavi,Non-Gavi,0,United Arab Emirates,0,Non-fragile,Non-fragile,Non-fragile,Non-Member,0,0,0,0,0,Non-Gavi,#N/A,Non-Gavi,1,0,ARE,784,eng,Not PEF,0,0,0,HIC,HIC,HIC,HIC,EMRO
Argentina,Non-Gavi,Non-Gavi,Non-Gavi,0,Argentina,0,Non-fragile,Non-fragile,Non-fragile,Non-Member,0,0,0,0,0,Non-Gavi,#N/A,Non-Gavi,1,0,ARG,32,eng,Not PEF,0,0,0,HIC,UMIC,HIC,MIC,PAHO
Armenia,Accelerated transition phase,Fully self-financing,Fully self-financing,0,Armenia,1,Non-fragile,Non-fragile,Non-fragile,Member,0,1,1,1,1,EMRO-EURO-PAHO,PAHO / EMRO / EURO,EEP,1,0,ARM,51,eng,3,0,0,0,UMIC,UMIC,MIC,MIC,EURO
Antigua and Barbuda,Non-Gavi,Non-Gavi,Non-Gavi,0,Antigua and Barbuda,0,Non-fragile,Non-fragile,Non-fragile,Non-Member,0,0,0,0,0,Non-Gavi,#N/A,Non-Gavi,1,0,ATG,28,eng,Not PEF,0,0,0,HIC,HIC,HIC,HIC,PAHO
Australia,Non-Gavi,Non-Gavi,Non-Gavi,0,Australia,0,Non-fragile,Non-fragile,Non-fragile,Non-Member,0,0,0,0,0,Non-Gavi,#N/A,Non-Gavi,1,1,AUS,36,eng,Not PEF,0,0,0,HIC,HIC,HIC,HIC,WPRO
Austria,Non-Gavi,Non-Gavi,Non-Gavi,0,Austria,0,Non-fragile,Non-fragile,Non-fragile,Non-Member,0,0,0,0,0,Non-Gavi,#N/A,Non-Gavi,1,0,AUT,40,eng,Not PEF,0,0,0,HIC,HIC,HIC,HIC,EURO
Azerbaijan,Accelerated transition phase,Fully self-financing,Fully self-financing,0,Azerbaijan,1,Non-fragile,Non-fragile,Non-fragile,Non-Member,0,1,1,1,1,EMRO-EURO-PAHO,PAHO / EMRO / EURO,EEP,1,0,AZE,31,eng,3,0,0,0,UMIC,UMIC,MIC,MIC,EURO
Burundi,Initial self-financing,Initial self-financing,Initial self-financing,1,Burundi,1,Fragile,Fragile,Fragile,Member,1,1,1,1,1,Francophone Africa,Francophone Africa,FA,1,0,BDI,108,fr,3,0,1,1,LIC,LIC,LIC,LIC,AFRO
Belgium,Non-Gavi,Non-Gavi,Non-Gavi,0,Belgium,0,Non-fragile,Non-fragile,Non-fragile,Non-Member,0,0,0,0,0,Non-Gavi,#N/A,Non-Gavi,1,0,BEL,56,eng,Not PEF,0,0,0,HIC,HIC,HIC,HIC,EURO
Benin,Initial self-financing,Initial self-financing,Initial self-financing,1,Benin,1,Non-fragile,Non-fragile,Non-fragile,Member,1,1,1,1,1,Francophone Africa,Francophone Africa,FA,1,0,BEN,204,fr,3,0,1,1,LIC,LIC,LIC,LIC,AFRO
Burkina Faso,Initial self-financing,Initial self-financing,Initial self-financing,1,Burkina Faso,1,Non-fragile,Non-fragile,Non-fragile,Member,1,1,1,1,1,Francophone Africa,Francophone Africa,FA,1,0,BFA,854,fr,3,0,1,1,LIC,LIC,LIC,LIC,AFRO
Bangladesh,Preparatory transition phase,Preparatory transition phase,Preparatory transition phase,0,Bangladesh,1,Non-fragile,Non-fragile,Non-fragile,Non-Member,1,1,1,1,1,Asia-Pacific,SEARO / WPRO,AP,1,1,BGD,50,eng,3,1,0,0,LMIC,LMIC,MIC,MIC,SEARO
Bulgaria,Non-Gavi,Non-Gavi,Non-Gavi,0,Bulgaria,0,Non-fragile,Non-fragile,Non-fragile,Non-Member,0,0,0,0,0,Non-Gavi,#N/A,Non-Gavi,1,0,BGR,100,eng,Not PEF,0,0,0,UMIC,UMIC,MIC,MIC,EURO
Bahrain,Non-Gavi,Non-Gavi,Non-Gavi,0,Bahrain,0,Non-fragile,Non-fragile,Non-fragile,Non-Member,0,0,0,0,0,Non-Gavi,#N/A,Non-Gavi,1,0,BHR,48,eng,Not PEF,0,0,0,HIC,HIC,HIC,HIC,EMRO
Bahamas,Non-Gavi,Non-Gavi,Non-Gavi,0,Bahamas,0,Non-fragile,Non-fragile,Non-fragile,Non-Member,0,0,0,0,0,Non-Gavi,#N/A,Non-Gavi,1,0,BHS,44,eng,Not PEF,0,0,0,HIC,HIC,HIC,HIC,PAHO
Bosnia & Herz,Fully self-financing,Non-Gavi,Non-Gavi,0,Bosnia and Herzegovina,1,Non-fragile,Non-fragile,Non-fragile,Observer,0,0,0,0,1,EMRO-EURO-PAHO,PAHO / EMRO / EURO,EEP,1,0,BIH,70,eng,Not PEF,0,0,0,UMIC,UMIC,MIC,MIC,EURO
Belarus,Non-Gavi,Non-Gavi,Non-Gavi,0,Belarus,0,Non-fragile,Non-fragile,Non-fragile,Non-Member,0,0,0,0,0,Non-Gavi,#N/A,Non-Gavi,1,0,BLR,112,eng,Not PEF,0,0,0,UMIC,UMIC,MIC,MIC,EURO
Belize,Non-Gavi,Non-Gavi,Non-Gavi,0,Belize,1,Non-fragile,Non-fragile,Non-fragile,Non-Member,0,0,0,0,0,Non-Gavi,#N/A,Non-Gavi,1,0,BLZ,84,eng,Not PEF,0,0,0,UMIC,UMIC,MIC,MIC,PAHO
Bolivia,Accelerated transition phase,Fully self-financing,Fully self-financing,0,Bolivia,1,Non-fragile,Non-fragile,Non-fragile,Non-Member,0,1,1,1,1,EMRO-EURO-PAHO,PAHO / EMRO / EURO,EEP,1,0,BOL,68,eng,3,0,0,0,LMIC,LMIC,MIC,MIC,PAHO
Brazil,Non-Gavi,Non-Gavi,Non-Gavi,0,Brazil,0,Non-fragile,Non-fragile,Non-fragile,Non-Member,0,0,0,0,0,Non-Gavi,#N/A,Non-Gavi,1,0,BRA,76,eng,Not PEF,0,0,0,UMIC,UMIC,MIC,MIC,PAHO
Barbados,Non-Gavi,Non-Gavi,Non-Gavi,0,Barbados,0,Non-fragile,Non-fragile,Non-fragile,Non-Member,0,0,0,0,0,Non-Gavi,#N/A,Non-Gavi,1,0,BRB,52,eng,Not PEF,0,0,0,HIC,HIC,HIC,HIC,PAHO
Brunei Darussalam,Non-Gavi,Non-Gavi,Non-Gavi,0,Brunei Darussalam,0,Non-fragile,Non-fragile,Non-fragile,Non-Member,0,0,0,0,0,Non-Gavi,#N/A,Non-Gavi,1,1,BRN,96,eng,Not PEF,0,0,0,HIC,HIC,HIC,HIC,WPRO
Bhutan,Fully self-financing,Fully self-financing,Fully self-financing,0,Bhutan,1,Non-fragile,Non-fragile,Non-fragile,Non-Member,0,0,1,1,1,Asia-Pacific,SEARO / WPRO,AP,1,1,BTN,64,eng,Not PEF,1,0,0,LMIC,LMIC,MIC,MIC,SEARO
Botswana,Non-Gavi,Non-Gavi,Non-Gavi,1,Botswana,0,Non-fragile,Non-fragile,Non-fragile,Non-Member,0,0,0,0,0,Non-Gavi,#N/A,Non-Gavi,1,0,BWA,72,eng,Not PEF,0,0,0,UMIC,UMIC,MIC,MIC,AFRO
CAR,Initial self-financing,Initial self-financing,Initial self-financing,1,Central African Republic,1,Fragile,Fragile,Fragile,Member,1,1,1,1,1,Francophone Africa,Francophone Africa,FA,1,0,CAF,140,fr,2,0,1,1,LIC,LIC,LIC,LIC,AFRO
Canada,Non-Gavi,Non-Gavi,Non-Gavi,0,Canada,0,Non-fragile,Non-fragile,Non-fragile,Non-Member,0,0,0,0,0,Non-Gavi,#N/A,Non-Gavi,1,0,CAN,124,eng,Not PEF,0,0,0,HIC,HIC,HIC,HIC,PAHO
Switzerland,Non-Gavi,Non-Gavi,Non-Gavi,0,Switzerland,0,Non-fragile,Non-fragile,Non-fragile,Non-Member,0,0,0,0,0,Non-Gavi,#N/A,Non-Gavi,1,0,CHE,756,eng,Not PEF,0,0,0,HIC,HIC,HIC,HIC,EURO
Chile,Non-Gavi,Non-Gavi,Non-Gavi,0,Chile,0,Non-fragile,Non-fragile,Non-fragile,Non-Member,0,0,0,0,0,Non-Gavi,#N/A,Non-Gavi,1,0,CHL,152,eng,Not PEF,0,0,0,HIC,HIC,HIC,HIC,PAHO
China,Fully self-financing,Non-Gavi,Non-Gavi,0,China,1,Non-fragile,Non-fragile,Non-fragile,Non-Member,0,0,0,0,1,Asia-Pacific,SEARO / WPRO,AP,1,1,CHN,156,eng,Not PEF,0,0,0,UMIC,UMIC,MIC,MIC,WPRO
Côte d'Ivoire,Preparatory transition phase,Preparatory transition phase,Preparatory transition phase,1,Côte d'Ivoire,1,Non-fragile,Non-fragile,Non-fragile,Member,1,1,1,1,1,Francophone Africa,Francophone Africa,FA,1,0,CIV,384,fr,3,0,1,1,LMIC,LMIC,MIC,MIC,AFRO
Cameroun,Preparatory transition phase,Preparatory transition phase,Preparatory transition phase,1,Cameroon,1,Non-fragile,Non-fragile,Non-fragile,Member,1,1,1,1,1,Francophone Africa,Francophone Africa,FA,1,0,CMR,120,fr,3,0,1,1,LMIC,LMIC,MIC,MIC,AFRO
Congo DRC,Initial self-financing,Initial self-financing,Initial self-financing,1,"Congo, Democratic Republic of the",1,Fragile,Fragile,Fragile,Member,1,1,1,1,1,Francophone Africa,Francophone Africa,FA,1,0,COD,180,fr,1,0,1,1,LIC,LIC,LIC,LIC,AFRO
Congo,Accelerated transition phase,Fully self-financing,Fully self-financing,1,"Congo, Republic of",1,Fragile,Fragile,Non-fragile,Member,1,1,1,1,1,Francophone Africa,Francophone Africa,FA,1,0,COG,178,fr,3,0,0,1,LMIC,LMIC,MIC,MIC,AFRO
Cook Islands,Non-Gavi,Non-Gavi,Non-Gavi,0,Cook Islands,0,Non-fragile,Non-fragile,Non-fragile,Non-Member,0,0,0,0,0,Non-Gavi,#N/A,Non-Gavi,1,0,COK,184,eng,Not PEF,0,0,0,,,,,WPRO
Colombia,Non-Gavi,Non-Gavi,Non-Gavi,0,Colombia,0,Non-fragile,Non-fragile,Non-fragile,Non-Member,0,0,0,0,0,Non-Gavi,#N/A,Non-Gavi,1,0,COL,170,eng,Not PEF,0,0,0,UMIC,UMIC,MIC,MIC,PAHO
Comoros,Initial self-financing,Initial self-financing,Initial self-financing,1,Comoros,1,Non-fragile,Non-fragile,Non-fragile,Member,1,1,1,1,1,Francophone Africa,Francophone Africa,FA,1,0,COM,174,fr,3,0,0,0,LIC,LMIC,LIC,MIC,AFRO
Cape Verde,Non-Gavi,Non-Gavi,Non-Gavi,1,Cape Verde,1,Non-fragile,Non-fragile,Non-fragile,Non-Member,0,0,0,0,0,Non-Gavi,#N/A,Non-Gavi,1,0,CPV,132,eng,Not PEF,0,0,0,LMIC,LMIC,MIC,MIC,AFRO
Costa Rica,Non-Gavi,Non-Gavi,Non-Gavi,0,Costa Rica,0,Non-fragile,Non-fragile,Non-fragile,Non-Member,0,0,0,0,0,Non-Gavi,#N/A,Non-Gavi,1,0,CRI,188,eng,Not PEF,0,0,0,UMIC,UMIC,MIC,MIC,PAHO
Cuba,Accelerated transition phase,Fully self-financing,Fully self-financing,0,Cuba,1,Non-fragile,Non-fragile,Non-fragile,Non-Member,0,1,1,1,1,EMRO-EURO-PAHO,PAHO / EMRO / EURO,EEP,1,0,CUB,192,eng,3,0,0,0,UMIC,UMIC,MIC,MIC,PAHO
Cyprus,Non-Gavi,Non-Gavi,Non-Gavi,0,Cyprus,0,Non-fragile,Non-fragile,Non-fragile,Non-Member,0,0,0,0,0,Non-Gavi,#N/A,Non-Gavi,1,0,CYP,196,eng,Not PEF,0,0,0,HIC,HIC,HIC,HIC,EURO
Czech Republic,Non-Gavi,Non-Gavi,Non-Gavi,0,Czech Republic,0,Non-fragile,Non-fragile,Non-fragile,Non-Member,0,0,0,0,0,Non-Gavi,#N/A,Non-Gavi,1,0,CZE,203,eng,Not PEF,0,0,0,HIC,HIC,HIC,HIC,EURO
Germany,Non-Gavi,Non-Gavi,Non-Gavi,0,Germany,0,Non-fragile,Non-fragile,Non-fragile,Non-Member,0,0,0,0,0,Non-Gavi,#N/A,Non-Gavi,1,0,DEU,276,eng,Not PEF,0,0,0,HIC,HIC,HIC,HIC,EURO
Djibouti,Initial self-financing,Preparatory transition phase,Preparatory transition phase,1,Djibouti,1,Non-fragile,Non-fragile,Non-fragile,Member,1,1,1,1,1,EMRO-EURO-PAHO,PAHO / EMRO / EURO,EEP,1,0,DJI,262,eng,3,0,0,0,LMIC,LMIC,MIC,MIC,EMRO
Dominica,Non-Gavi,Non-Gavi,Non-Gavi,0,Dominica,0,Non-fragile,Non-fragile,Non-fragile,Non-Member,0,0,0,0,0,Non-Gavi,#N/A,Non-Gavi,1,0,DMA,212,eng,Not PEF,0,0,0,UMIC,UMIC,MIC,MIC,PAHO
Denmark,Non-Gavi,Non-Gavi,Non-Gavi,0,Denmark,0,Non-fragile,Non-fragile,Non-fragile,Non-Member,0,0,0,0,0,Non-Gavi,#N/A,Non-Gavi,1,0,DNK,208,eng,Not PEF,0,0,0,HIC,HIC,HIC,HIC,EURO
Dominican Republic,Non-Gavi,Non-Gavi,Non-Gavi,0,Dominican Republic,0,Non-fragile,Non-fragile,Non-fragile,Non-Member,0,0,0,0,0,Non-Gavi,#N/A,Non-Gavi,1,0,DOM,214,eng,Not PEF,0,0,0,UMIC,UMIC,MIC,MIC,PAHO
Algeria,Non-Gavi,Non-Gavi,Non-Gavi,1,Algeria,0,Non-fragile,Non-fragile,Non-fragile,Non-Member,0,0,0,0,0,Non-Gavi,#N/A,Non-Gavi,1,0,DZA,12,eng,Not PEF,0,0,0,UMIC,UMIC,MIC,MIC,AFRO
Ecuador,Non-Gavi,Non-Gavi,Non-Gavi,0,Ecuador,0,Non-fragile,Non-fragile,Non-fragile,Non-Member,0,0,0,0,0,Non-Gavi,#N/A,Non-Gavi,1,0,ECU,218,eng,Not PEF,0,0,0,UMIC,UMIC,MIC,MIC,PAHO
Egypt,Non-Gavi,Non-Gavi,Non-Gavi,1,Egypt,1,Non-fragile,Non-fragile,Non-fragile,Non-Member,0,0,0,0,0,Non-Gavi,#N/A,Non-Gavi,1,0,EGY,818,eng,Not PEF,0,0,0,LMIC,LMIC,MIC,MIC,EMRO
Eritrea,Initial self-financing,Initial self-financing,Initial self-financing,1,Eritrea,1,Fragile,Fragile,Fragile,Non-Member,1,1,1,1,1,Anglophone Africa,Anglophone Africa,AA,1,0,ERI,232,eng,3,0,1,1,LIC,LIC,LIC,LIC,AFRO
Spain,Non-Gavi,Non-Gavi,Non-Gavi,0,Spain,0,Non-fragile,Non-fragile,Non-fragile,Non-Member,0,0,0,0,0,Non-Gavi,#N/A,Non-Gavi,1,0,ESP,724,eng,Not PEF,0,0,0,HIC,HIC,HIC,HIC,EURO
Estonia,Non-Gavi,Non-Gavi,Non-Gavi,0,Estonia,0,Non-fragile,Non-fragile,Non-fragile,Non-Member,0,0,0,0,0,Non-Gavi,#N/A,Non-Gavi,1,0,EST,233,eng,Not PEF,0,0,0,HIC,HIC,HIC,HIC,EURO
Ethiopia,Initial self-financing,Initial self-financing,Initial self-financing,1,Ethiopia,1,Fragile,Non-fragile,Non-fragile,Non-Member,1,1,1,1,1,Anglophone Africa,Anglophone Africa,AA,1,0,ETH,231,eng,1,0,1,1,LIC,LIC,LIC,LIC,AFRO
Finland,Non-Gavi,Non-Gavi,Non-Gavi,0,Finland,0,Non-fragile,Non-fragile,Non-fragile,Non-Member,0,0,0,0,0,Non-Gavi,#N/A,Non-Gavi,1,0,FIN,246,eng,Not PEF,0,0,0,HIC,HIC,HIC,HIC,EURO
Fiji,Non-Gavi,Non-Gavi,Non-Gavi,0,Fiji,1,Non-fragile,Non-fragile,Non-fragile,Non-Member,0,0,0,0,0,Non-Gavi,#N/A,Non-Gavi,1,1,FJI,242,eng,Not PEF,0,0,0,UMIC,UMIC,MIC,MIC,WPRO
France,Non-Gavi,Non-Gavi,Non-Gavi,0,France,0,Non-fragile,Non-fragile,Non-fragile,Non-Member,0,0,0,0,0,Non-Gavi,#N/A,Non-Gavi,1,0,FRA,250,eng,Not PEF,0,0,0,HIC,HIC,HIC,HIC,EURO
"Micronesia, Federated States of",Non-Gavi,Non-Gavi,Non-Gavi,0,"Micronesia, Federated States of",1,Non-fragile,Non-fragile,Non-fragile,Non-Member,0,0,0,0,0,Non-Gavi,#N/A,Non-Gavi,1,1,FSM,583,eng,Not PEF,0,0,0,LMIC,LMIC,MIC,MIC,WPRO
Gabon,Non-Gavi,Non-Gavi,Non-Gavi,1,Gabon,0,Non-fragile,Non-fragile,Non-fragile,Non-Member,0,0,0,0,0,Non-Gavi,#N/A,Non-Gavi,1,0,GAB,266,eng,Not PEF,0,0,0,UMIC,UMIC,MIC,MIC,AFRO
United Kingdom of Great Britain & Northern Ireland,Non-Gavi,Non-Gavi,Non-Gavi,0,United Kingdom of Great Britain & Northern Ireland,0,Non-fragile,Non-fragile,Non-fragile,Non-Member,0,0,0,0,0,Non-Gavi,#N/A,Non-Gavi,1,0,GBR,826,eng,Not PEF,0,0,0,HIC,HIC,HIC,HIC,EURO
Georgia,Accelerated transition phase,Fully self-financing,Fully self-financing,0,Georgia,1,Non-fragile,Non-fragile,Non-fragile,Observer,0,1,1,1,1,EMRO-EURO-PAHO,PAHO / EMRO / EURO,EEP,1,0,GEO,268,eng,3,0,0,0,LMIC,UMIC,MIC,MIC,EURO
Ghana,Accelerated transition phase,Preparatory transition phase,Preparatory transition phase,1,Ghana,1,Non-fragile,Non-fragile,Non-fragile,Associate,1,1,1,1,1,Anglophone Africa,Anglophone Africa,AA,1,0,GHA,288,eng,3,0,1,1,LMIC,LMIC,MIC,MIC,AFRO
Guinea,Initial self-financing,Initial self-financing,Initial self-financing,1,Guinea,1,Non-fragile,Non-fragile,Non-fragile,Member,1,1,1,1,1,Francophone Africa,Francophone Africa,FA,1,0,GIN,324,fr,3,0,1,1,LIC,LIC,LIC,LIC,AFRO
Gambia,Initial self-financing,Initial self-financing,Initial self-financing,1,Gambia,1,Non-fragile,Non-fragile,Non-fragile,Non-Member,1,1,1,1,1,Anglophone Africa,Anglophone Africa,AA,1,0,GMB,270,eng,3,0,1,1,LIC,LIC,LIC,LIC,AFRO
Guinea Bissau,Initial self-financing,Initial self-financing,Initial self-financing,1,Guinea-Bissau,1,Non-fragile,Non-fragile,Non-fragile,Member,1,1,1,1,1,Francophone Africa,Francophone Africa,FA,1,0,GNB,624,fr,3,0,1,1,LIC,LIC,LIC,LIC,AFRO
Equatorial Guinea,Non-Gavi,Non-Gavi,Non-Gavi,1,Equatorial Guinea,0,Non-fragile,Non-fragile,Non-fragile,Non-Member,0,0,0,0,0,Non-Gavi,#N/A,Non-Gavi,1,0,GNQ,226,eng,Not PEF,0,0,0,UMIC,UMIC,MIC,MIC,AFRO
Greece,Non-Gavi,Non-Gavi,Non-Gavi,0,Greece,0,Non-fragile,Non-fragile,Non-fragile,Non-Member,0,0,0,0,0,Non-Gavi,#N/A,Non-Gavi,1,0,GRC,300,eng,Not PEF,0,0,0,HIC,HIC,HIC,HIC,EURO
Grenada,Non-Gavi,Non-Gavi,Non-Gavi,0,Grenada,0,Non-fragile,Non-fragile,Non-fragile,Non-Member,0,0,0,0,0,Non-Gavi,#N/A,Non-Gavi,1,0,GRD,308,eng,Not PEF,0,0,0,UMIC,UMIC,MIC,MIC,PAHO
Guatemala,Non-Gavi,Non-Gavi,Non-Gavi,0,Guatemala,1,Non-fragile,Non-fragile,Non-fragile,Non-Member,0,0,0,0,0,Non-Gavi,#N/A,Non-Gavi,1,0,GTM,320,eng,Not PEF,0,0,0,UMIC,UMIC,MIC,MIC,PAHO
Guyana,Fully self-financing,Fully self-financing,Fully self-financing,0,Guyana,1,Non-fragile,Non-fragile,Non-fragile,Non-Member,0,1,1,1,1,EMRO-EURO-PAHO,PAHO / EMRO / EURO,EEP,1,0,GUY,328,eng,3,0,0,0,UMIC,UMIC,MIC,MIC,PAHO
Honduras,Fully self-financing,Fully self-financing,Fully self-financing,0,Honduras,1,Non-fragile,Non-fragile,Non-fragile,Non-Member,0,0,1,1,1,EMRO-EURO-PAHO,PAHO / EMRO / EURO,EEP,1,0,HND,340,eng,Not PEF,0,0,0,LMIC,LMIC,MIC,MIC,PAHO
Croatia,Non-Gavi,Non-Gavi,Non-Gavi,0,Croatia,0,Non-fragile,Non-fragile,Non-fragile,Non-Member,0,0,0,0,0,Non-Gavi,#N/A,Non-Gavi,1,0,HRV,191,eng,Not PEF,0,0,0,HIC,HIC,HIC,HIC,EURO
Haiti,Initial self-financing,Initial self-financing,Initial self-financing,0,Haiti,1,Fragile,Fragile,Fragile,Member,1,1,1,1,1,EMRO-EURO-PAHO,PAHO / EMRO / EURO,EEP,1,0,HTI,332,eng,2,0,0,0,LIC,LIC,LIC,LIC,PAHO
Hungary,Non-Gavi,Non-Gavi,Non-Gavi,0,Hungary,0,Non-fragile,Non-fragile,Non-fragile,Non-Member,0,0,0,0,0,Non-Gavi,#N/A,Non-Gavi,1,0,HUN,348,eng,Not PEF,0,0,0,HIC,HIC,HIC,HIC,EURO
Indonesia,Fully self-financing,Fully self-financing,Fully self-financing,0,Indonesia,1,Non-fragile,Non-fragile,Non-fragile,Non-Member,0,1,1,1,1,Asia-Pacific,SEARO / WPRO,AP,1,1,IDN,360,eng,1,1,0,0,LMIC,LMIC,MIC,MIC,SEARO
India,Accelerated transition phase,Accelerated transition phase,Accelerated transition phase,0,India,1,Non-fragile,Non-fragile,Non-fragile,Non-Member,1,1,1,1,1,Asia-Pacific,SEARO / WPRO,AP,1,1,IND,356,eng,1,1,0,0,LMIC,LMIC,MIC,MIC,SEARO
Ireland,Non-Gavi,Non-Gavi,Non-Gavi,0,Ireland,0,Non-fragile,Non-fragile,Non-fragile,Non-Member,0,0,0,0,0,Non-Gavi,#N/A,Non-Gavi,1,0,IRL,372,eng,Not PEF,0,0,0,HIC,HIC,HIC,HIC,EURO
"Iran, Islamic Republic of",Non-Gavi,Non-Gavi,Non-Gavi,0,"Iran, Islamic Republic of",0,Non-fragile,Non-fragile,Non-fragile,Non-Member,0,0,0,0,0,Non-Gavi,#N/A,Non-Gavi,1,0,IRN,364,eng,Not PEF,0,0,0,UMIC,UMIC,MIC,MIC,EMRO
Iraq,Non-Gavi,Non-Gavi,Non-Gavi,0,Iraq,1,Non-fragile,Non-fragile,Non-fragile,Non-Member,0,0,0,0,0,Non-Gavi,#N/A,Non-Gavi,1,0,IRQ,368,eng,Not PEF,0,0,0,UMIC,UMIC,MIC,MIC,EMRO
Iceland,Non-Gavi,Non-Gavi,Non-Gavi,0,Iceland,0,Non-fragile,Non-fragile,Non-fragile,Non-Member,0,0,0,0,0,Non-Gavi,#N/A,Non-Gavi,1,0,ISL,352,eng,Not PEF,0,0,0,HIC,HIC,HIC,HIC,EURO
Israel,Non-Gavi,Non-Gavi,Non-Gavi,0,Israel,0,Non-fragile,Non-fragile,Non-fragile,Non-Member,0,0,0,0,0,Non-Gavi,#N/A,Non-Gavi,1,0,ISR,376,eng,Not PEF,0,0,0,HIC,HIC,HIC,HIC,EURO
Italy,Non-Gavi,Non-Gavi,Non-Gavi,0,Italy,0,Non-fragile,Non-fragile,Non-fragile,Non-Member,0,0,0,0,0,Non-Gavi,#N/A,Non-Gavi,1,0,ITA,380,eng,Not PEF,0,0,0,HIC,HIC,HIC,HIC,EURO
Jamaica,Non-Gavi,Non-Gavi,Non-Gavi,0,Jamaica,0,Non-fragile,Non-fragile,Non-fragile,Non-Member,0,0,0,0,0,Non-Gavi,#N/A,Non-Gavi,1,0,JAM,388,eng,Not PEF,0,0,0,UMIC,UMIC,MIC,MIC,PAHO
Jordan,Non-Gavi,Non-Gavi,Non-Gavi,0,Jordan,0,Non-fragile,Non-fragile,Non-fragile,Non-Member,0,0,0,0,0,Non-Gavi,#N/A,Non-Gavi,1,0,JOR,400,eng,Not PEF,0,0,0,UMIC,UMIC,MIC,MIC,EMRO
Japan,Non-Gavi,Non-Gavi,Non-Gavi,0,Japan,0,Non-fragile,Non-fragile,Non-fragile,Non-Member,0,0,0,0,0,Non-Gavi,#N/A,Non-Gavi,1,1,JPN,392,eng,Not PEF,0,0,0,HIC,HIC,HIC,HIC,WPRO
Kazakhstan,Non-Gavi,Non-Gavi,Non-Gavi,0,Kazakhstan,0,Non-fragile,Non-fragile,Non-fragile,Non-Member,0,0,0,0,0,Non-Gavi,#N/A,Non-Gavi,1,0,KAZ,398,eng,Not PEF,0,0,0,UMIC,UMIC,MIC,MIC,EURO
Kenya,Preparatory transition phase,Preparatory transition phase,Preparatory transition phase,1,Kenya,1,Non-fragile,Non-fragile,Non-fragile,Non-Member,1,1,1,1,1,Anglophone Africa,Anglophone Africa,AA,1,0,KEN,404,eng,1,0,1,1,LMIC,LMIC,MIC,MIC,AFRO
Kyrgyz Rep,Preparatory transition phase,Preparatory transition phase,Preparatory transition phase,0,Kyrgyzstan,1,Non-fragile,Non-fragile,Non-fragile,Non-Member,1,1,1,1,1,EMRO-EURO-PAHO,PAHO / EMRO / EURO,EEP,1,0,KGZ,417,eng,3,0,0,0,LMIC,LMIC,MIC,MIC,EURO
Cambodia,Preparatory transition phase,Preparatory transition phase,Preparatory transition phase,0,Cambodia,1,Non-fragile,Non-fragile,Non-fragile,Member,1,1,1,1,1,Asia-Pacific,SEARO / WPRO,AP,1,1,KHM,116,eng,3,1,0,0,LMIC,LMIC,MIC,MIC,WPRO
Kiribati,Fully self-financing,Fully self-financing,Fully self-financing,0,Kiribati,1,Non-fragile,Non-fragile,Non-fragile,Non-Member,0,1,1,1,1,Asia-Pacific,SEARO / WPRO,AP,1,1,KIR,296,eng,3,0,0,0,LMIC,LMIC,MIC,MIC,WPRO
Saint Kitts and Nevis,Non-Gavi,Non-Gavi,Non-Gavi,0,Saint Kitts and Nevis,0,Non-fragile,Non-fragile,Non-fragile,Non-Member,0,0,0,0,0,Non-Gavi,#N/A,Non-Gavi,1,0,KNA,659,eng,Not PEF,0,0,0,HIC,HIC,HIC,HIC,PAHO
"Korea, Republic of",Non-Gavi,Non-Gavi,Non-Gavi,0,"Korea, Republic of",0,Non-fragile,Non-fragile,Non-fragile,Non-Member,0,0,0,0,0,Non-Gavi,#N/A,Non-Gavi,1,1,KOR,410,eng,Not PEF,0,0,0,HIC,HIC,HIC,HIC,WPRO
Kuwait,Non-Gavi,Non-Gavi,Non-Gavi,0,Kuwait,0,Non-fragile,Non-fragile,Non-fragile,Non-Member,0,0,0,0,0,Non-Gavi,#N/A,Non-Gavi,1,0,KWT,414,eng,Not PEF,0,0,0,HIC,HIC,HIC,HIC,EMRO
Lao PDR,Accelerated transition phase,Accelerated transition phase,Accelerated transition phase,0,Lao People's Democratic Republic,1,Non-fragile,Non-fragile,Non-fragile,Member,1,1,1,1,1,Asia-Pacific,SEARO / WPRO,AP,1,1,LAO,418,eng,3,1,0,0,LMIC,LMIC,MIC,MIC,WPRO
Lebanon,Non-Gavi,Non-Gavi,Non-Gavi,0,Lebanon,0,Non-fragile,Non-fragile,Non-fragile,Non-Member,0,0,0,0,0,Non-Gavi,#N/A,Non-Gavi,1,0,LBN,422,eng,Not PEF,0,0,0,UMIC,UMIC,MIC,MIC,EMRO
Liberia,Initial self-financing,Initial self-financing,Initial self-financing,1,Liberia,1,Non-fragile,Non-fragile,Non-fragile,Non-Member,1,1,1,1,1,Anglophone Africa,Anglophone Africa,AA,1,0,LBR,430,eng,3,0,0,1,LIC,LIC,LIC,LIC,AFRO
Libyan Arab Jamahiriya,Non-Gavi,Non-Gavi,Non-Gavi,1,Libyan Arab Jamahiriya,0,Non-fragile,Non-fragile,Non-fragile,Non-Member,0,0,0,0,0,Non-Gavi,#N/A,Non-Gavi,1,0,LBY,434,eng,Not PEF,0,0,0,UMIC,UMIC,MIC,MIC,EMRO
Saint Lucia,Non-Gavi,Non-Gavi,Non-Gavi,0,Saint Lucia,0,Non-fragile,Non-fragile,Non-fragile,Non-Member,0,0,0,0,0,Non-Gavi,#N/A,Non-Gavi,1,0,LCA,662,eng,Not PEF,0,0,0,UMIC,UMIC,MIC,MIC,PAHO
Sri Lanka,Fully self-financing,Fully self-financing,Fully self-financing,0,Sri Lanka,1,Non-fragile,Non-fragile,Non-fragile,Non-Member,0,0,1,1,1,Asia-Pacific,SEARO / WPRO,AP,1,1,LKA,144,eng,Not PEF,1,0,0,LMIC,UMIC,MIC,MIC,SEARO
Lesotho,Preparatory transition phase,Preparatory transition phase,Preparatory transition phase,1,Lesotho,1,Non-fragile,Non-fragile,Non-fragile,Non-Member,1,1,1,1,1,Anglophone Africa,Anglophone Africa,AA,1,0,LSO,426,eng,3,0,0,0,LMIC,LMIC,MIC,MIC,AFRO
Lithuania,Non-Gavi,Non-Gavi,Non-Gavi,0,Lithuania,0,Non-fragile,Non-fragile,Non-fragile,Non-Member,0,0,0,0,0,Non-Gavi,#N/A,Non-Gavi,1,0,LTU,440,eng,Not PEF,0,0,0,HIC,HIC,HIC,HIC,EURO
Luxembourg,Non-Gavi,Non-Gavi,Non-Gavi,0,Luxembourg,0,Non-fragile,Non-fragile,Non-fragile,Non-Member,0,0,0,0,0,Non-Gavi,#N/A,Non-Gavi,1,0,LUX,442,eng,Not PEF,0,0,0,HIC,HIC,HIC,HIC,EURO
Latvia,Non-Gavi,Non-Gavi,Non-Gavi,0,Latvia,0,Non-fragile,Non-fragile,Non-fragile,Non-Member,0,0,0,0,0,Non-Gavi,#N/A,Non-Gavi,1,0,LVA,428,eng,Not PEF,0,0,0,HIC,HIC,HIC,HIC,EURO
Morocco,Non-Gavi,Non-Gavi,Non-Gavi,1,Morocco,1,Non-fragile,Non-fragile,Non-fragile,Non-Member,0,0,0,0,0,Non-Gavi,#N/A,Non-Gavi,1,0,MAR,504,eng,Not PEF,0,0,0,LMIC,LMIC,MIC,MIC,EMRO
Monaco,Non-Gavi,Non-Gavi,Non-Gavi,0,Monaco,0,Non-fragile,Non-fragile,Non-fragile,Non-Member,0,0,0,0,0,Non-Gavi,#N/A,Non-Gavi,1,0,MCO,492,eng,Not PEF,0,0,0,HIC,HIC,HIC,HIC,EURO
Moldova,Fully self-financing,Fully self-financing,Fully self-financing,0,Moldova,1,Non-fragile,Non-fragile,Non-fragile,Member,0,1,1,1,1,EMRO-EURO-PAHO,PAHO / EMRO / EURO,EEP,1,0,MDA,498,eng,3,0,0,0,LMIC,LMIC,MIC,MIC,EURO
Madagascar,Initial self-financing,Initial self-financing,Initial self-financing,1,Madagascar,1,Non-fragile,Non-fragile,Non-fragile,Member,1,1,1,1,1,Francophone Africa,Francophone Africa,FA,1,0,MDG,450,fr,2,0,0,0,LIC,LIC,LIC,LIC,AFRO
Maldives,Non-Gavi,Non-Gavi,Non-Gavi,0,Maldives,0,Non-fragile,Non-fragile,Non-fragile,Non-Member,0,0,0,0,0,Non-Gavi,#N/A,Non-Gavi,1,1,MDV,462,eng,Not PEF,0,0,0,UMIC,UMIC,MIC,MIC,SEARO
Mexico,Non-Gavi,Non-Gavi,Non-Gavi,0,Mexico,0,Non-fragile,Non-fragile,Non-fragile,Non-Member,0,0,0,0,0,Non-Gavi,#N/A,Non-Gavi,1,0,MEX,484,eng,Not PEF,0,0,0,UMIC,UMIC,MIC,MIC,PAHO
Marshall Islands,Non-Gavi,Non-Gavi,Non-Gavi,0,Marshall Islands,1,Non-fragile,Non-fragile,Non-fragile,Non-Member,0,0,0,0,0,Non-Gavi,#N/A,Non-Gavi,1,1,MHL,584,eng,Not PEF,0,0,0,UMIC,UMIC,MIC,MIC,WPRO
"Macedonia, Republic of",Non-Gavi,Non-Gavi,Non-Gavi,0,"Macedonia, Republic of",0,Non-fragile,Non-fragile,Non-fragile,Non-Member,0,0,0,0,0,Non-Gavi,#N/A,Non-Gavi,1,0,MKD,807,eng,Not PEF,0,0,0,UMIC,UMIC,MIC,MIC,EURO
Mali,Initial self-financing,Initial self-financing,Initial self-financing,1,Mali,1,Fragile,Fragile,Fragile,Member,1,1,1,1,1,Francophone Africa,Francophone Africa,FA,1,0,MLI,466,fr,3,0,1,1,LIC,LIC,LIC,LIC,AFRO
Malta,Non-Gavi,Non-Gavi,Non-Gavi,0,Malta,0,Non-fragile,Non-fragile,Non-fragile,Non-Member,0,0,0,0,0,Non-Gavi,#N/A,Non-Gavi,1,0,MLT,470,eng,Not PEF,0,0,0,HIC,HIC,HIC,HIC,EURO
Myanmar,Preparatory transition phase,Preparatory transition phase,Preparatory transition phase,0,Myanmar,1,Non-fragile,Non-fragile,Non-fragile,Non-Member,1,1,1,1,1,Asia-Pacific,SEARO / WPRO,AP,1,1,MMR,104,eng,2,1,0,0,LMIC,LMIC,MIC,MIC,SEARO
Montenegro,Non-Gavi,Non-Gavi,Non-Gavi,0,Montenegro,0,Non-fragile,Non-fragile,Non-fragile,Non-Member,0,0,0,0,0,Non-Gavi,#N/A,Non-Gavi,1,0,MNE,499,eng,Not PEF,0,0,0,UMIC,UMIC,MIC,MIC,EURO
Mongolia,Fully self-financing,Fully self-financing,Fully self-financing,0,Mongolia,1,Non-fragile,Non-fragile,Non-fragile,Non-Member,0,0,1,1,1,Asia-Pacific,SEARO / WPRO,AP,1,1,MNG,496,eng,Not PEF,0,0,0,LMIC,LMIC,MIC,MIC,WPRO
Mozambique,Initial self-financing,Initial self-financing,Initial self-financing,1,Mozambique,1,Non-fragile,Non-fragile,Non-fragile,Observer,1,1,1,1,1,Anglophone Africa,Anglophone Africa,AA,1,0,MOZ,508,eng,2,0,0,0,LIC,LIC,LIC,LIC,AFRO
Mauritania,Preparatory transition phase,Preparatory transition phase,Preparatory transition phase,1,Mauritania,1,Non-fragile,Non-fragile,Non-fragile,Member,1,1,1,1,1,Francophone Africa,Francophone Africa,FA,1,0,MRT,478,fr,3,0,1,1,LMIC,LMIC,MIC,MIC,AFRO
Mauritius,Non-Gavi,Non-Gavi,Non-Gavi,1,Mauritius,0,Non-fragile,Non-fragile,Non-fragile,Non-Member,0,0,0,0,0,Non-Gavi,#N/A,Non-Gavi,1,0,MUS,480,eng,Not PEF,0,0,0,UMIC,UMIC,MIC,MIC,AFRO
Malawi,Initial self-financing,Initial self-financing,Initial self-financing,1,Malawi,1,Non-fragile,Non-fragile,Non-fragile,Non-Member,1,1,1,1,1,Anglophone Africa,Anglophone Africa,AA,1,0,MWI,454,eng,3,0,0,0,LIC,LIC,LIC,LIC,AFRO
Malaysia,Non-Gavi,Non-Gavi,Non-Gavi,0,Malaysia,0,Non-fragile,Non-fragile,Non-fragile,Non-Member,0,0,0,0,0,Non-Gavi,#N/A,Non-Gavi,1,1,MYS,458,eng,Not PEF,0,0,0,UMIC,UMIC,MIC,MIC,WPRO
Namibia,Non-Gavi,Non-Gavi,Non-Gavi,1,Namibia,0,Non-fragile,Non-fragile,Non-fragile,Non-Member,0,0,0,0,0,Non-Gavi,#N/A,Non-Gavi,1,0,NAM,516,eng,Not PEF,0,0,0,UMIC,UMIC,MIC,MIC,AFRO
Niger,Initial self-financing,Initial self-financing,Initial self-financing,1,Niger,1,Non-fragile,Non-fragile,Non-fragile,Member,1,1,1,1,1,Francophone Africa,Francophone Africa,FA,1,0,NER,562,fr,2,0,1,1,LIC,LIC,LIC,LIC,AFRO
Nigeria,Accelerated transition phase,Accelerated transition phase,Accelerated transition phase,1,Nigeria,1,Fragile,Non-fragile,Non-fragile,Non-Member,1,1,1,1,1,Anglophone Africa,Anglophone Africa,AA,1,0,NGA,566,eng,1,0,1,1,LMIC,LMIC,MIC,MIC,AFRO
Nicaragua,Accelerated transition phase,Accelerated transition phase,Accelerated transition phase,0,Nicaragua,1,Non-fragile,Non-fragile,Non-fragile,Non-Member,0,1,1,1,1,EMRO-EURO-PAHO,PAHO / EMRO / EURO,EEP,1,0,NIC,558,eng,3,0,0,0,LMIC,LMIC,MIC,MIC,PAHO
Niue,Non-Gavi,Non-Gavi,Non-Gavi,0,Niue,0,Non-fragile,Non-fragile,Non-fragile,Non-Member,0,0,0,0,0,Non-Gavi,#N/A,Non-Gavi,1,0,NIU,570,eng,Not PEF,0,0,0,,,,,WPRO
Netherlands,Non-Gavi,Non-Gavi,Non-Gavi,0,Netherlands,0,Non-fragile,Non-fragile,Non-fragile,Non-Member,0,0,0,0,0,Non-Gavi,#N/A,Non-Gavi,1,0,NLD,528,eng,Not PEF,0,0,0,HIC,HIC,HIC,HIC,EURO
Norway,Non-Gavi,Non-Gavi,Non-Gavi,0,Norway,0,Non-fragile,Non-fragile,Non-fragile,Non-Member,0,0,0,0,0,Non-Gavi,#N/A,Non-Gavi,1,0,NOR,578,eng,Not PEF,0,0,0,HIC,HIC,HIC,HIC,EURO
Nepal,Initial self-financing,Initial self-financing,Initial self-financing,0,Nepal,1,Non-fragile,Non-fragile,Non-fragile,Non-Member,1,1,1,1,1,Asia-Pacific,SEARO / WPRO,AP,1,1,NPL,524,eng,3,1,0,0,LIC,LIC,LIC,LIC,SEARO
Nauru,Non-Gavi,Non-Gavi,Non-Gavi,0,Nauru,0,Non-fragile,Non-fragile,Non-fragile,Non-Member,0,0,0,0,0,Non-Gavi,#N/A,Non-Gavi,1,0,NRU,520,eng,Not PEF,0,0,0,UMIC,UMIC,MIC,MIC,WPRO
New Zealand,Non-Gavi,Non-Gavi,Non-Gavi,0,New Zealand,0,Non-fragile,Non-fragile,Non-fragile,Non-Member,0,0,0,0,0,Non-Gavi,#N/A,Non-Gavi,1,1,NZL,554,eng,Not PEF,0,0,0,HIC,HIC,HIC,HIC,WPRO
Oman,Non-Gavi,Non-Gavi,Non-Gavi,0,Oman,0,Non-fragile,Non-fragile,Non-fragile,Non-Member,0,0,0,0,0,Non-Gavi,#N/A,Non-Gavi,1,0,OMN,512,eng,Not PEF,0,0,0,HIC,HIC,HIC,HIC,EMRO
Pakistan,Preparatory transition phase,Preparatory transition phase,Preparatory transition phase,0,Pakistan,1,Non-fragile,Non-fragile,Non-fragile,Non-Member,1,1,1,1,1,EMRO-EURO-PAHO,PAHO / EMRO / EURO,EEP,1,1,PAK,586,eng,1,1,0,0,LMIC,LMIC,MIC,MIC,EMRO
Panama,Non-Gavi,Non-Gavi,Non-Gavi,0,Panama,0,Non-fragile,Non-fragile,Non-fragile,Non-Member,0,0,0,0,0,Non-Gavi,#N/A,Non-Gavi,1,0,PAN,591,eng,Not PEF,0,0,0,HIC,HIC,HIC,HIC,PAHO
Peru,Non-Gavi,Non-Gavi,Non-Gavi,0,Peru,0,Non-fragile,Non-fragile,Non-fragile,Non-Member,0,0,0,0,0,Non-Gavi,#N/A,Non-Gavi,1,0,PER,604,eng,Not PEF,0,0,0,UMIC,UMIC,MIC,MIC,PAHO
Philippines,Non-Gavi,Non-Gavi,Non-Gavi,0,Philippines,1,Non-fragile,Non-fragile,Non-fragile,Non-Member,0,0,0,0,0,Non-Gavi,#N/A,Non-Gavi,1,1,PHL,608,eng,Not PEF,0,0,0,LMIC,LMIC,MIC,MIC,WPRO
Palau,Non-Gavi,Non-Gavi,Non-Gavi,0,Palau,0,Non-fragile,Non-fragile,Non-fragile,Non-Member,0,0,0,0,0,Non-Gavi,#N/A,Non-Gavi,1,1,PLW,585,eng,Not PEF,0,0,0,HIC,HIC,HIC,HIC,WPRO
Papua NG,Accelerated transition phase,Accelerated transition phase,Accelerated transition phase,0,Papua New Guinea,1,Fragile,Fragile,Fragile,Non-Member,1,1,1,1,1,Asia-Pacific,SEARO / WPRO,AP,1,1,PNG,598,eng,2,1,0,0,LMIC,LMIC,MIC,MIC,WPRO
Poland,Non-Gavi,Non-Gavi,Non-Gavi,0,Poland,0,Non-fragile,Non-fragile,Non-fragile,Non-Member,0,0,0,0,0,Non-Gavi,#N/A,Non-Gavi,1,0,POL,616,eng,Not PEF,0,0,0,HIC,HIC,HIC,HIC,EURO
Korea DPR,Initial self-financing,Initial self-financing,Initial self-financing,0,Democratic People's Republic of Korea,1,Non-fragile,Non-fragile,Non-fragile,Non-Member,1,1,1,1,1,Asia-Pacific,SEARO / WPRO,AP,1,1,PRK,408,eng,3,1,0,0,LIC,LIC,LIC,LIC,SEARO
Portugal,Non-Gavi,Non-Gavi,Non-Gavi,0,Portugal,0,Non-fragile,Non-fragile,Non-fragile,Non-Member,0,0,0,0,0,Non-Gavi,#N/A,Non-Gavi,1,0,PRT,620,eng,Not PEF,0,0,0,HIC,HIC,HIC,HIC,EURO
Paraguay,Non-Gavi,Non-Gavi,Non-Gavi,0,Paraguay,1,Non-fragile,Non-fragile,Non-fragile,Non-Member,0,0,0,0,0,Non-Gavi,#N/A,Non-Gavi,1,0,PRY,600,eng,Not PEF,0,0,0,UMIC,UMIC,MIC,MIC,PAHO
Palestinian Territory,Non-Gavi,Non-Gavi,Non-Gavi,0,Palestinian Territory,1,Non-fragile,Non-fragile,Non-fragile,Non-Member,0,0,0,0,0,Non-Gavi,#N/A,Non-Gavi,1,0,PSE,275,eng,Not PEF,0,0,0,LMIC,LMIC,MIC,MIC,PAHO
Qatar,Non-Gavi,Non-Gavi,Non-Gavi,0,Qatar,0,Non-fragile,Non-fragile,Non-fragile,Non-Member,0,0,0,0,0,Non-Gavi,#N/A,Non-Gavi,1,0,QAT,634,eng,Not PEF,0,0,0,HIC,HIC,HIC,HIC,EMRO
Romania,Non-Gavi,Non-Gavi,Non-Gavi,0,Romania,0,Non-fragile,Non-fragile,Non-fragile,Non-Member,0,0,0,0,0,Non-Gavi,#N/A,Non-Gavi,1,0,ROU,642,eng,Not PEF,0,0,0,UMIC,UMIC,MIC,MIC,EURO
Russian Federation,Non-Gavi,Non-Gavi,Non-Gavi,0,Russian Federation,0,Non-fragile,Non-fragile,Non-fragile,Non-Member,0,0,0,0,0,Non-Gavi,#N/A,Non-Gavi,1,0,RUS,643,eng,Not PEF,0,0,0,UMIC,UMIC,MIC,MIC,EURO
Rwanda,Initial self-financing,Initial self-financing,Initial self-financing,1,Rwanda,1,Non-fragile,Non-fragile,Non-fragile,Member,1,1,1,1,1,Anglophone Africa,Anglophone Africa,AA,1,0,RWA,646,eng,3,0,1,1,LIC,LIC,LIC,LIC,AFRO
Saudi Arabia,Non-Gavi,Non-Gavi,Non-Gavi,0,Saudi Arabia,0,Non-fragile,Non-fragile,Non-fragile,Non-Member,0,0,0,0,0,Non-Gavi,#N/A,Non-Gavi,1,0,SAU,682,eng,Not PEF,0,0,0,HIC,HIC,HIC,HIC,EMRO
"Sudan, Republic of",Preparatory transition phase,Preparatory transition phase,Preparatory transition phase,1,Sudan,1,Fragile,Fragile,Fragile,Non-Member,1,1,1,1,1,EMRO-EURO-PAHO,PAHO / EMRO / EURO,EEP,1,0,SDN,729,eng,3,0,1,1,LMIC,LMIC,MIC,MIC,EMRO
Senegal,Initial self-financing,Initial self-financing,Initial self-financing,1,Senegal,1,Non-fragile,Non-fragile,Non-fragile,Member,1,1,1,1,1,Francophone Africa,Francophone Africa,FA,1,0,SEN,686,fr,3,0,1,1,LIC,LMIC,LIC,MIC,AFRO
Singapore,Non-Gavi,Non-Gavi,Non-Gavi,0,Singapore,0,Non-fragile,Non-fragile,Non-fragile,Non-Member,0,0,0,0,0,Non-Gavi,#N/A,Non-Gavi,1,1,SGP,702,eng,Not PEF,0,0,0,HIC,HIC,HIC,HIC,WPRO
Solomon Isl,Accelerated transition phase,Accelerated transition phase,Accelerated transition phase,0,Solomon Islands,1,Fragile,Fragile,Fragile,Non-Member,1,1,1,1,1,Asia-Pacific,SEARO / WPRO,AP,1,1,SLB,90,eng,3,0,0,0,LMIC,LMIC,MIC,MIC,WPRO
Sierra Leone,Initial self-financing,Initial self-financing,Initial self-financing,1,Sierra Leone,1,Non-fragile,Non-fragile,Non-fragile,Non-Member,1,1,1,1,1,Anglophone Africa,Anglophone Africa,AA,1,0,SLE,694,eng,3,0,0,1,LIC,LIC,LIC,LIC,AFRO
El Salvador,Non-Gavi,Non-Gavi,Non-Gavi,0,El Salvador,1,Non-fragile,Non-fragile,Non-fragile,Non-Member,0,0,0,0,0,Non-Gavi,#N/A,Non-Gavi,1,0,SLV,222,eng,Not PEF,0,0,0,LMIC,LMIC,MIC,MIC,PAHO
San Marino,Non-Gavi,Non-Gavi,Non-Gavi,0,San Marino,0,Non-fragile,Non-fragile,Non-fragile,Non-Member,0,0,0,0,0,Non-Gavi,#N/A,Non-Gavi,1,0,SMR,674,eng,Not PEF,0,0,0,HIC,HIC,HIC,HIC,EURO
Somalia,Initial self-financing,Initial self-financing,Initial self-financing,1,Somalia,1,Fragile,Fragile,Fragile,Non-Member,1,1,1,1,1,EMRO-EURO-PAHO,PAHO / EMRO / EURO,EEP,1,0,SOM,706,eng,2,0,0,1,LIC,LIC,LIC,LIC,EMRO
Serbia,Non-Gavi,Non-Gavi,Non-Gavi,0,Serbia,0,Non-fragile,Non-fragile,Non-fragile,Non-Member,0,0,0,0,0,Non-Gavi,#N/A,Non-Gavi,1,0,SRB,688,eng,Not PEF,0,0,0,UMIC,UMIC,MIC,MIC,EURO
Sudan South,Initial self-financing,Initial self-financing,Initial self-financing,1,South Sudan,1,Fragile,Fragile,Fragile,Non-Member,1,1,1,1,1,Anglophone Africa,Anglophone Africa,AA,1,0,SSD,728,eng,2,0,1,1,LIC,LIC,LIC,LIC,AFRO
Sâo Tomé,Preparatory transition phase,Accelerated transition phase,Accelerated transition phase,1,Sao Tome and Principe,1,Non-fragile,Non-fragile,Non-fragile,Member,1,1,1,1,1,Francophone Africa,Francophone Africa,FA,1,0,STP,678,eng,3,0,0,1,LMIC,LMIC,MIC,MIC,AFRO
Suriname,Non-Gavi,Non-Gavi,Non-Gavi,0,Suriname,0,Non-fragile,Non-fragile,Non-fragile,Non-Member,0,0,0,0,0,Non-Gavi,#N/A,Non-Gavi,1,0,SUR,740,eng,Not PEF,0,0,0,UMIC,UMIC,MIC,MIC,PAHO
Slovakia,Non-Gavi,Non-Gavi,Non-Gavi,0,Slovakia,0,Non-fragile,Non-fragile,Non-fragile,Non-Member,0,0,0,0,0,Non-Gavi,#N/A,Non-Gavi,1,0,SVK,703,eng,Not PEF,0,0,0,HIC,HIC,HIC,HIC,EURO
Slovenia,Non-Gavi,Non-Gavi,Non-Gavi,0,Slovenia,0,Non-fragile,Non-fragile,Non-fragile,Non-Member,0,0,0,0,0,Non-Gavi,#N/A,Non-Gavi,1,0,SVN,705,eng,Not PEF,0,0,0,HIC,HIC,HIC,HIC,EURO
Sweden,Non-Gavi,Non-Gavi,Non-Gavi,0,Sweden,0,Non-fragile,Non-fragile,Non-fragile,Non-Member,0,0,0,0,0,Non-Gavi,#N/A,Non-Gavi,1,0,SWE,752,eng,Not PEF,0,0,0,HIC,HIC,HIC,HIC,EURO
Swaziland,Non-Gavi,Non-Gavi,Non-Gavi,1,Swaziland,1,Non-fragile,Non-fragile,Non-fragile,Non-Member,0,0,0,0,0,Non-Gavi,#N/A,Non-Gavi,1,0,SWZ,748,eng,Not PEF,0,0,0,LMIC,LMIC,MIC,MIC,AFRO
Seychelles,Non-Gavi,Non-Gavi,Non-Gavi,1,Seychelles,0,Non-fragile,Non-fragile,Non-fragile,Non-Member,0,0,0,0,0,Non-Gavi,#N/A,Non-Gavi,1,0,SYC,690,eng,Not PEF,0,0,0,HIC,HIC,HIC,HIC,AFRO
Syrian Arab Republic,Non-Gavi,Non-Gavi,Non-Gavi,0,Syrian Arab Republic,1,Non-fragile,Non-fragile,Fragile,Non-Member,1,0,0,0,0,Non-Gavi,#N/A,Non-Gavi,1,0,SYR,760,eng,Not PEF,0,0,0,LIC,LIC,LIC,LIC,EMRO
Chad,Initial self-financing,Initial self-financing,Initial self-financing,1,Chad,1,Fragile,Fragile,Fragile,Member,1,1,1,1,1,Francophone Africa,Francophone Africa,FA,1,0,TCD,148,fr,1,0,1,1,LIC,LIC,LIC,LIC,AFRO
Togo,Initial self-financing,Initial self-financing,Initial self-financing,1,Togo,1,Non-fragile,Non-fragile,Non-fragile,Member,1,1,1,1,1,Francophone Africa,Francophone Africa,FA,1,0,TGO,768,fr,3,0,1,1,LIC,LIC,LIC,LIC,AFRO
Thailand,Non-Gavi,Non-Gavi,Non-Gavi,0,Thailand,0,Non-fragile,Non-fragile,Non-fragile,Non-Member,0,0,0,0,0,Non-Gavi,#N/A,Non-Gavi,1,1,THA,764,eng,Not PEF,0,0,0,UMIC,UMIC,MIC,MIC,SEARO
Tajikistan,Preparatory transition phase,Preparatory transition phase,Initial self-financing,0,Tajikistan,1,Non-fragile,Non-fragile,Non-fragile,Non-Member,1,1,1,1,1,EMRO-EURO-PAHO,PAHO / EMRO / EURO,EEP,1,0,TJK,762,eng,3,0,0,0,LIC,LIC,LIC,LIC,EURO
Turkmenistan,Fully self-financing,Non-Gavi,Non-Gavi,0,Turkmenistan,1,Non-fragile,Non-fragile,Non-fragile,Non-Member,0,0,0,0,1,EMRO-EURO-PAHO,PAHO / EMRO / EURO,EEP,1,0,TKM,795,eng,Not PEF,0,0,0,UMIC,UMIC,MIC,MIC,EURO
Timor-Leste,Accelerated transition phase,Fully self-financing,Fully self-financing,0,Timor-Leste,1,Non-fragile,Non-fragile,Non-fragile,Non-Member,0,1,1,1,1,Asia-Pacific,SEARO / WPRO,AP,1,1,TLS,626,eng,3,1,0,0,LMIC,LMIC,MIC,MIC,SEARO
Tonga,Non-Gavi,Non-Gavi,Non-Gavi,0,Tonga,1,Non-fragile,Non-fragile,Non-fragile,Non-Member,0,0,0,0,0,Non-Gavi,#N/A,Non-Gavi,1,1,TON,776,eng,Not PEF,0,0,0,UMIC,UMIC,MIC,MIC,WPRO
Trinidad and Tobago,Non-Gavi,Non-Gavi,Non-Gavi,0,Trinidad and Tobago,0,Non-fragile,Non-fragile,Non-fragile,Non-Member,0,0,0,0,0,Non-Gavi,#N/A,Non-Gavi,1,0,TTO,780,eng,Not PEF,0,0,0,HIC,HIC,HIC,HIC,PAHO
Tunisia,Non-Gavi,Non-Gavi,Non-Gavi,1,Tunisia,0,Non-fragile,Non-fragile,Non-fragile,Non-Member,0,0,0,0,0,Non-Gavi,#N/A,Non-Gavi,1,0,TUN,788,eng,Not PEF,0,0,0,LMIC,LMIC,MIC,MIC,EMRO
Turkey,Non-Gavi,Non-Gavi,Non-Gavi,0,Turkey,0,Non-fragile,Non-fragile,Non-fragile,Non-Member,0,0,0,0,0,Non-Gavi,#N/A,Non-Gavi,1,0,TUR,792,eng,Not PEF,0,0,0,UMIC,UMIC,MIC,MIC,EURO
Tuvalu,Non-Gavi,Non-Gavi,Non-Gavi,0,Tuvalu,1,Non-fragile,Non-fragile,Non-fragile,Non-Member,0,0,0,0,0,Non-Gavi,#N/A,Non-Gavi,1,1,TUV,798,eng,Not PEF,0,0,0,UMIC,UMIC,MIC,MIC,WPRO
Tanzania,Initial self-financing,Initial self-financing,Initial self-financing,1,"Tanzania, United Republic of",1,Non-fragile,Non-fragile,Non-fragile,Non-Member,1,1,1,1,1,Anglophone Africa,Anglophone Africa,AA,1,0,TZA,834,eng,3,0,1,1,LIC,LIC,LIC,LIC,AFRO
Uganda,Initial self-financing,Initial self-financing,Initial self-financing,1,Uganda,1,Non-fragile,Non-fragile,Non-fragile,Non-Member,1,1,1,1,1,Anglophone Africa,Anglophone Africa,AA,1,0,UGA,800,eng,1,0,1,1,LIC,LIC,LIC,LIC,AFRO
Ukraine,Fully self-financing,Non-Gavi,Non-Gavi,0,Ukraine,1,Non-fragile,Non-fragile,Non-fragile,Observer,0,0,0,1,1,EMRO-EURO-PAHO,PAHO / EMRO / EURO,EEP,1,0,UKR,804,eng,Not PEF,0,0,0,LMIC,LMIC,MIC,MIC,EURO
Uruguay,Non-Gavi,Non-Gavi,Non-Gavi,0,Uruguay,0,Non-fragile,Non-fragile,Non-fragile,Non-Member,0,0,0,0,0,Non-Gavi,#N/A,Non-Gavi,1,0,URY,858,eng,Not PEF,0,0,0,HIC,HIC,HIC,HIC,PAHO
United States,Non-Gavi,Non-Gavi,Non-Gavi,0,United States,0,Non-fragile,Non-fragile,Non-fragile,Non-Member,0,0,0,0,0,Non-Gavi,#N/A,Non-Gavi,1,0,USA,840,eng,Not PEF,0,0,0,HIC,HIC,HIC,HIC,PAHO
Uzbekistan,Accelerated transition phase,Accelerated transition phase,Accelerated transition phase,0,Uzbekistan,1,Non-fragile,Non-fragile,Non-fragile,Non-Member,0,1,1,1,1,EMRO-EURO-PAHO,PAHO / EMRO / EURO,EEP,1,0,UZB,860,eng,3,0,0,0,LMIC,LMIC,MIC,MIC,EURO
Saint Vincent and the Grenadines,Non-Gavi,Non-Gavi,Non-Gavi,0,Saint Vincent and the Grenadines,0,Non-fragile,Non-fragile,Non-fragile,Non-Member,0,0,0,0,0,Non-Gavi,#N/A,Non-Gavi,1,0,VCT,670,eng,Not PEF,0,0,0,UMIC,UMIC,MIC,MIC,PAHO
Venezuela,Non-Gavi,Non-Gavi,Non-Gavi,0,Venezuela,0,Non-fragile,Non-fragile,Non-fragile,Non-Member,0,0,0,0,0,Non-Gavi,#N/A,Non-Gavi,1,0,VEN,862,eng,Not PEF,0,0,0,UMIC,UMIC,MIC,MIC,PAHO
Vietnam,Accelerated transition phase,Accelerated transition phase,Accelerated transition phase,0,Viet Nam,1,Non-fragile,Non-fragile,Non-fragile,Member,0,1,1,1,1,Asia-Pacific,SEARO / WPRO,AP,1,1,VNM,704,eng,3,1,0,0,LMIC,LMIC,MIC,MIC,WPRO
Vanuatu,Non-Gavi,Non-Gavi,Non-Gavi,0,Vanuatu,1,Non-fragile,Non-fragile,Non-fragile,Non-Member,0,0,0,0,0,Non-Gavi,#N/A,Non-Gavi,1,1,VUT,548,eng,Not PEF,0,0,0,LMIC,LMIC,MIC,MIC,WPRO
Samoa,Non-Gavi,Non-Gavi,Non-Gavi,0,Samoa,1,Non-fragile,Non-fragile,Non-fragile,Non-Member,0,0,0,0,0,Non-Gavi,#N/A,Non-Gavi,1,1,WSM,882,eng,Not PEF,0,0,0,UMIC,UMIC,MIC,MIC,WPRO
Yemen,Preparatory transition phase,Preparatory transition phase,Initial self-financing,0,Yemen,1,Fragile,Fragile,Fragile,Non-Member,1,1,1,1,1,EMRO-EURO-PAHO,PAHO / EMRO / EURO,EEP,1,0,YEM,887,eng,2,0,0,0,LIC,LIC,LIC,LIC,EMRO
South Africa,Non-Gavi,Non-Gavi,Non-Gavi,1,South Africa,0,Non-fragile,Non-fragile,Non-fragile,Non-Member,0,0,0,0,0,Non-Gavi,#N/A,Non-Gavi,1,0,ZAF,710,eng,Not PEF,0,0,0,UMIC,UMIC,MIC,MIC,AFRO
Zambia,Preparatory transition phase,Preparatory transition phase,Preparatory transition phase,1,Zambia,1,Non-fragile,Non-fragile,Non-fragile,Non-Member,1,1,1,1,1,Anglophone Africa,Anglophone Africa,AA,1,0,ZMB,894,eng,3,0,0,0,LMIC,LMIC,MIC,MIC,AFRO
Zimbabwe,Initial self-financing,Initial self-financing,Initial self-financing,1,Zimbabwe,1,Fragile,Fragile,Non-fragile,Non-Member,1,1,1,1,1,Anglophone Africa,Anglophone Africa,AA,1,0,ZWE,716,eng,3,0,0,0,LIC,LMIC,LIC,MIC,AFRO
